Bogotá,Bogotá
Medellín,Antioquia
Cali,Valle del Cauca
Barranquilla,Atlántico
Cartagena,Bolívar
Soacha,Cundinamarca
Palermo,Huila
Cúcuta,Norte de Santander
Soledad,Atlántico
Pereira,Risaralda
Bucaramanga,Santander
Valledupar,Cesar
Ibagué,Tolima
Villavicencio,Meta
Santa Marta,Magdalena
Montería,Córdoba
Manizales,Caldas
Buenaventura,Valle del Cauca
Pasto,Nariño
Bello,Antioquia
Neiva,Huila
Armenia,Quindío
Popayán,Cauca
Sincelejo,Sucre
Floridablanca,Santander
Itagüí,Antioquia
Envigado,Antioquia
Tuluá,Valle del Cauca
Tumaco,Nariño
Barrancabermeja,Santander
Tunja,Boyacá
Zipaquirá,Cundinamarca
Turbo,Antioquia
Yopal,Casanare
Dosquebradas,Risaralda
Ríohacha,La Guajira
Girón,Santander
Florencia,Caquetá
Fusagasugá,Cundinamarca
Cartago,Valle del Cauca
Pitalito,Huila
Ciénaga,Magdalena
Sogamoso,Boyacá
Quibdó,Chocó
Girardot,Cundinamarca
Duitama,Boyacá
Magangué,Bolívar
Maicao,La Guajira
Uribia,La Guajira
Piedecuesta,Santander
Facatativá,Cundinamarca
Guadalajara de Buga,Valle del Cauca
Madrid,Cundinamarca
Santander de Quilichao,Cauca
Aguachica,Cesar
Ipiales,Nariño
Chía,Cundinamarca
Jamundí,Valle del Cauca
Arauca,Arauca
Yumbo,Valle del Cauca
Mosquera,Cundinamarca
Fundación,Magdalena
Ocaña,Norte de Santander
Montelíbano,Córdoba
Chiquinquirá,Boyacá
Sabanalarga,Atlántico
Chigorodó,Antioquia
Cereté,Córdoba
Caldas,Antioquia
Funza,Cundinamarca
Los Patios,Norte de Santander
Tierralta,Córdoba
El Carmen de Bolívar,Bolívar
La Dorada,Caldas
Arjona,Bolívar
Turbaco,Bolívar
Espinal,Tolima
Acacías,Meta
Copacabana,Antioquia
Santa Rosa de Cabal,Risaralda
San Vicente del Caguán,Caquetá
San Andrés,San Andrés y Providencia
Corozal,Sucre
Villa del Rosario,Norte de Santander
Garzón,Huila
Planeta Rica,Córdoba
Necoclí,Antioquia
San José del Guaviare,Guaviare
Manaure,La Guajira
Marinilla,Antioquia
Ciénaga de Oro,Córdoba
Puerto Asís,Putumayo
Riosucio,Caldas
Plato,Magdalena
Carepa,Antioquia
Cajicá,Cundinamarca
Villamaría,Caldas
San Marcos,Sucre
Girardota,Antioquia
Florida,Valle del Cauca
Pamplona,Norte de Santander
Pradera,Valle del Cauca
Orito,Putumayo
Puerto Boyacá,Boyacá
El Banco,Magdalena
San Gil,Santander
Sabaneta,Antioquia
Valle del Guamuez,Putumayo
Puerto Libertador,Córdoba
Tame,Arauca
Barbosa,Antioquia
Lorica,Córdoba
San Onofre,Sucre
Guarne,Antioquia
El Bagre,Antioquia
Chinú,Córdoba
Baranoa,Atlántico
Puerto Berrío,Antioquia
Cimitarra,Santander
María la Baja,Bolívar
Agustín Codazzi,Cesar
Samaniego,Nariño
Carmen de Viboral,Antioquia
Yarumal,Antioquia
La Vega,Cauca
Chaparral,Tolima
Andes,Antioquia
San Andrés de Sotavento,Córdoba
Ayapel,Córdoba
Urrao,Antioquia
Zarzal,Valle del Cauca
Valencia,Córdoba
Roldanillo,Valle del Cauca
Puerto Tejada,Cauca
Santa Rosa del Sur,Bolívar
San Pelayo,Córdoba
Arboletes,Antioquia
Villeta,Cundinamarca
Aguazul,Casanare
Cumaribo,Vichada
Miranda,Cauca
El Charco,Nariño
Cáceres,Antioquia
Montenegro,Quindío
Pueblo Nuevo,Córdoba
Tuchín,Córdoba
Arauquita,Arauca
Guaduas,Cundinamarca
Pie de Pató,Chocó
Cumbal,Nariño
Aracataca,Magdalena
La Unión,Valle del Cauca
Túquerres,Nariño
Acevedo,Huila
Bosconia,Cesar
Líbano,Tolima
Villa de San Diego de Ubaté,Cundinamarca
San Juan del Cesar,La Guajira
Tarazá,Antioquia
Cajibío,Cauca
Segovia,Antioquia
Sibaté,Cundinamarca
Sampués,Sucre
Dibulla,La Guajira
El Bordo,Cauca
Santa Rosa de Osos,Antioquia
Tibú,Norte de Santander
Melgar,Tolima
Dagua,Valle del Cauca
La Macarena,Meta
Belalcázar,Cauca
Sonsón,Antioquia
San Pablo,Bolívar
San Bernardo del Viento,Córdoba
Santiago de Tolú,Sucre
Guacarí,Valle del Cauca
Timbío,Cauca
Gigante,Huila
Cartagena del Chairá,Caquetá
Tocancipá,Cundinamarca
Yarumal,Antioquia
Quimbaya,Quindío
Fonseca,La Guajira
San Vicente de Chucurí,Santander
Puerto López,Meta
San Luis de Sincé,Sucre
Campoalegre,Huila
Sabanagrande,Atlántico
Caldono,Cauca
San Agustín,Huila
San Juan Nepomuceno,Bolívar
Majagual,Sucre
Quinchía,Risaralda
Puerto Rico,Caquetá
San Antero,Córdoba
Corinto,Cauca
Pivijay,Magdalena
Puebloviejo,Magdalena
Bocas de Satinga,Nariño
Puerto Escondido,Córdoba
Silvia,Cauca
El Difícil,Magdalena
Inzá,Cauca
Leticia,Amazonas
La Virginia,Risaralda
San Pedro de Urabá,Antioquia
Remedios,Antioquia
Paipa,Boyacá
Guachavés,Nariño
Sitionuevo,Magdalena
Puerto Wilches,Santander
Neira,Caldas
Guamo,Tolima
Circasia,Quindío
Amagá,Antioquia
Chimichagua,Cesar
Planadas,Tolima
Fresno,Tolima
Purificación,Tolima
Tabio,Cundinamarca
Barbosa,Santander
Flandes,Tolima
Aipe,Huila
Sopó,Cundinamarca
Moñitos,Córdoba
Riosucio,Chocó
La Dorada,Putumayo
La Calera,Cundinamarca
Caicedonia,Valle del Cauca
Hatonuevo,La Guajira
San Carlos,Córdoba
Isnos,Huila
Coyaima,Tolima
Mitú,Vaupés
Guamal,Magdalena
Luruaco,Atlántico
Belén de Umbría,Risaralda
Argelia,Cauca
Supía,Caldas
Ciudad Bolívar,Antioquia
Repelón,Atlántico
San Juan de Urabá,Antioquia
Puerto Colombia,Atlántico
Fortul,Arauca
Morales,Cauca
Los Córdobas,Córdoba
San Benito Abad,Sucre
San Alberto,Cesar
Balboa,Cauca
Pensilvania,Caldas
Paz de Ariporo,Casanare
Buesaco,Nariño
Istmina,Chocó
Santa Ana,Magdalena
San Martín,Meta
Palmar de Varela,Atlántico
Nechí,Antioquia
Yolombó,Antioquia
Solano,Caquetá
Vistahermosa,Meta
San José,Nariño
La Unión,Nariño
Chocontá,Cundinamarca
Sandoná,Nariño
Pinillos,Bolívar
Socorro,Santander
Tauramena,Casanare
Villanueva,Casanare
Algeciras,Huila
Santa Rosa,Bolívar
Pueblo Bello,Cesar
El Retorno,Guaviare
Valdivia,Antioquia
Puerto Guzmán,Putumayo
La Montañita,Caquetá
Donmatías,Antioquia
Rioblanco,Tolima
Marsella,Risaralda
Cogua,Cundinamarca
El Zulia,Norte de Santander
Honda,Tolima
El Paso,Cesar
Canalete,Córdoba
Teorama,Norte de Santander
San José,Nariño
Ponedera,Atlántico
Alcalá,Valle del Cauca
Puerto Concordia,Meta
Achí,Bolívar
Curumaní,Cesar
Dabeiba,Antioquia
Guadalupe,Huila
Ataco,Tolima
Santa Fe de Antioquia,Antioquia
Amalfi,Antioquia
Buenavista,Córdoba
Manzanares,Caldas
Sardinata,Norte de Santander
Mutatá,Antioquia
La Jagua de Ibirico,Cesar
Natagaima,Tolima
El Doncello,Caquetá
El Colegio,Cundinamarca
Pailitas,Cesar
Timbiquí,Cauca
Tiquisio,Bolívar
Mocoa,Putumayo
Silvania,Cundinamarca
Taminango,Nariño
Ginebra,Valle del Cauca
Puerto Triunfo,Antioquia
San Jacinto,Bolívar
Nueva Granada,Magdalena
Galeras,Sucre
Villagarzón,Putumayo
San Bernardo,Nariño
El Paujíl,Caquetá
Santa Bárbara,Antioquia
Moniquirá,Boyacá
Almaguer,Cauca
Totoró,Cauca
Aguadas,Caldas
Montecristo,Bolívar
Suaza,Huila
Villapinzón,Cundinamarca
Fredonia,Antioquia
El Retén,Magdalena
Bugalagrande,Valle del Cauca
López,Cauca
Sotomayor,Nariño
Ovejas,Sucre
Samacá,Boyacá
Timaná,Huila
San Lorenzo,Nariño
Concordia,Antioquia
Simití,Bolívar
Tenjo,Cundinamarca
Rovira,Tolima
Inírida,Guainía
Urumita,La Guajira
Polonuevo,Atlántico
La Unión,Antioquia
Tadó,Chocó
Vélez,Santander
Tocaima,Cundinamarca
Villa de Leyva,Boyacá
Campo de la Cruz,Atlántico
Sabana de Torres,Santander
Pelaya,Cesar
Salgar,Antioquia
La Primavera,Vichada
Guaranda,Sucre
Suesca,Cundinamarca
Betulia,Antioquia
El Rosal,Cundinamarca
Retiro,Antioquia
Puerto Carreño,Vichada
El Piñón,Magdalena
Anorí,Antioquia
Aquitania,Boyacá
Chivolo,Magdalena
Guasca,Cundinamarca
Landázuri,Santander
Támesis,Antioquia
Obando,Valle del Cauca
Condoto,Chocó
Sopetrán,Antioquia
Tenerife,Magdalena
Juan de Acosta,Atlántico
Titiribí,Antioquia
El Carmen de Atrato,Chocó
Río de Oro,Cesar
Córdoba,Nariño
Guapí,Cauca
Jardín,Antioquia
Altos del Rosario,Bolívar
Filandia,Quindío
Manatí,Atlántico
San Jacinto del Cauca,Bolívar
Rosas,Cauca
Anolaima,Cundinamarca
Los Santos,Santander
Santa Bárbara de Pinto,Magdalena
Candelaria,Atlántico
Saboyá,Boyacá
Hatillo de Loba,Bolívar
Córdoba,Bolívar
Ebéjico,Antioquia
Caimito,Sucre
Curití,Santander
Oiba,Santander
Santa Lucía,Atlántico
Puente Nacional,Santander
La Unión,Sucre
Cisneros,Antioquia
Guayabal,Tolima
Talaigua Nuevo,Bolívar
Coveñas,Sucre
Bojacá,Cundinamarca
El Playón,Santander
El Águila,Valle del Cauca
Agua de Dios,Cundinamarca
El Tarra,Norte de Santander
Mogotes,Santander
Santo Domingo,Antioquia
Tubará,Atlántico
Regidor,Bolívar
Lenguazaque,Cundinamarca
Charalá,Santander
Medina,Cundinamarca
Granada,Antioquia
Suaita,Santander
Margarita,Bolívar
Norosí,Bolívar
Chita,Boyacá
Pesca,Boyacá
Granada,Cundinamarca
Tibaná,Boyacá
San Zenón,Magdalena
Nuquí,Chocó
Alvarado,Tolima
Zapatoca,Santander
Junín,Cundinamarca
Iles,Nariño
La Belleza,Santander
Usiacurí,Atlántico
Muzo,Boyacá
Orocué,Casanare
Guatapé,Antioquia
San Francisco,Cundinamarca
Aratoca,Santander
Uramita,Antioquia
Uribe,Meta
Motavita,Boyacá
Pedraza,Magdalena
Puerto Parra,Santander
San Luis de Palenque,Casanare
Paratebueno,Cundinamarca
Santana,Boyacá
Coromoro,Santander
Ambalema,Tolima
Tarso,Antioquia
Maripí,Boyacá
Simacota,Santander
Soatá,Boyacá
Tona,Santander
Socha,Boyacá
Salento,Quindío
Boavita,Boyacá
Guatavita,Cundinamarca
Güicán,Boyacá
Puerto Nariño,Amazonas
Cubará,Boyacá
Tasco,Boyacá
Florián,Santander
Heliconia,Antioquia
Colosó,Sucre
Albán,Cundinamarca
Sutamarchán,Boyacá
Chitaraque,Boyacá
Zipacón,Cundinamarca
Chíquiza,Boyacá
Villanueva,Santander
Caramanta,Antioquia
Tota,Boyacá
Córdoba,Quindío
El Cocuy,Boyacá
Arcabuco,Boyacá
San José de Pare,Boyacá
Labranzagrande,Boyacá
Togüí,Boyacá
Piojó,Atlántico
El Peñón,Cundinamarca
Chiscas,Boyacá
Santa Rosalía,Vichada
El Espino,Boyacá
Puerto Rondón,Arauca
Sáchica,Boyacá
Güepsa,Santander
San Mateo,Boyacá
Guavatá,Santander
Guayabal de Síquima,Cundinamarca
Chinavita,Boyacá
Concepción,Antioquia
La Jagua del Pilar,La Guajira
Cravo Norte,Arauca
Palmar,Santander
Tipacoque,Boyacá
Susacón,Boyacá
Tinjacá,Boyacá
Sora,Boyacá
Covarachía,Boyacá
Oicatá,Boyacá
Guataquí,Cundinamarca
Santa Sofía,Boyacá
Jerusalén,Cundinamarca
Gachantivá,Boyacá
Briceño,Boyacá
La Uvita,Boyacá
Encino,Santander
Vetas,Santander
Juradó,Chocó
Iza,Boyacá
Sativanorte,Boyacá
Palmas del Socorro,Santander
Almeida,Boyacá
Guacamayas,Boyacá
Galán,Santander
Tutazá,Boyacá
Cepitá,Santander
San Eduardo,Boyacá
Tununguá,Boyacá
Pajarito,Boyacá
La Victoria,Boyacá
Panqueba,Boyacá
Sativasur,Boyacá
Mahates,Bolívar
Barichara,Santander
La Estrella,Antioquia
Malambo,Atlántico
Rionegro,Antioquia
Galapa,Atlántico
Cota,Cundinamarca
La Tebaida,Quindío
Chinchiná,Caldas
Gachancipá,Cundinamarca
La Ceja,Antioquia
Santuario,Antioquia
Calarcá,Quindío
Sesquilé,Cundinamarca
Santo Tomás,Atlántico
Nobsa,Boyacá
Málaga,Santander
Palmira,Valle del Cauca
Providencia,Nariño
Candelaria,Valle del Cauca
Apartadó,Antioquia
Guateque,Boyacá
Piendamó,Cauca
Sahagún,Córdoba
Marmato,Caldas
Suan,Atlántico
Santa Isabel,San Andrés y Providencia
La Mesa,Cundinamarca
Villa Rica,Cauca
Puerto Santander,Norte de Santander
Granada,Meta
Sibundoy,Putumayo
Cotorra,Córdoba
Cachipay,Cundinamarca
Gualmatán,Nariño
Buenos Aires,Cauca
Belén,Nariño
Recetor,Casanare
Coello,Tolima
Tena,Cundinamarca
Tibasosa,Boyacá
Génova,Nariño
Marquetalia,Caldas
Peñol,Antioquia
San Pablo,Nariño
Guática,Risaralda
Clemencia,Bolívar
Contadero,Nariño
Nilo,Cundinamarca
La Pintada,Antioquia
Pupiales,Nariño
Susa,Cundinamarca
Ulloa,Valle del Cauca
Villanueva,Bolívar
Cicuco,Bolívar
San Cristóbal,Bolívar
San Antonio del Tequendama,Cundinamarca
Andalucía,Valle del Cauca
Anserma,Caldas
Prado-Sevilla,Magdalena
Palocabildo,Tolima
Cáqueza,Cundinamarca
Cabrera,Santander
Cartago,Nariño
Ospina,Nariño
Nemocón,Cundinamarca
Simijaca,Cundinamarca
El Cerrito,Valle del Cauca
Carlosama,Nariño
Aldana,Nariño
Nuevo Colón,Boyacá
Nimaima,Cundinamarca
Palestina,Caldas
Berruecos,Nariño
Apía,Risaralda
Pueblorrico,Antioquia
Purísima de la Concepción,Córdoba
Chivatá,Boyacá
San Sebastián de Mariquita,Tolima
Restrepo,Valle del Cauca
San Pedro,Antioquia
Calamar,Bolívar
Jenesano,Boyacá
Florencia,Cauca
Anapoima,Cundinamarca
San José,Caldas
Tópaga,Boyacá
Venecia,Antioquia
Cucaita,Boyacá
Angelópolis,Antioquia
Santa Rosa de Viterbo,Boyacá
Padilla,Cauca
Sutatenza,Boyacá
Momil,Córdoba
Risaralda,Caldas
Ventaquemada,Boyacá
Caloto,Cauca
Guachené,Cauca
Yacuanquer,Nariño
San Vicente,Antioquia
Manaure Balcón del Cesar,Cesar
Pinchote,Santander
Turbaná,Bolívar
Hispania,Antioquia
Nariño,Nariño
Chinácota,Norte de Santander
Villanueva,La Guajira
Vijes,Valle del Cauca
Cómbita,Boyacá
Boyacá,Boyacá
Concordia,Magdalena
Chachagüí,Nariño
Viterbo,Caldas
Soplaviento,Bolívar
Guachucal,Nariño
Soracá,Boyacá
La Vega,Cundinamarca
San Pedro,Valle del Cauca
Mompós,Bolívar
Belalcázar,Caldas
Ciénega,Boyacá
Oporapa,Huila
Sasaima,Cundinamarca
Santa Catalina,Bolívar
La Hormiga,Putumayo
Garagoa,Boyacá
Jambaló,Cauca
Tenza,Boyacá
Nocaima,Cundinamarca
Toro,Valle del Cauca
Los Palmitos,Sucre
Palmito,Sucre
Subachoque,Cundinamarca
La Celia,Risaralda
Morroa,Sucre
San Jerónimo,Antioquia
Ancuya,Nariño
Buenavista,Sucre
Consacá,Nariño
Imués,Nariño
San Pedro,Sucre
Sutatausa,Cundinamarca
Cocorná,Antioquia
González,Cesar
La Cruz,Nariño
Ricaurte,Cundinamarca
Lebrija,Santander
Monguí,Boyacá
Sevilla,Valle del Cauca
Enciso,Santander
San Juan de Betulia,Sucre
Ragonvalia,Norte de Santander
San Estanislao,Bolívar
Santuario,Risaralda
Ramiriquí,Boyacá
Caucasia,Antioquia
Pital,Huila
Saldaña,Tolima
Guaitarilla,Nariño
Jericó,Antioquia
Pandi,Cundinamarca
Úmbita,Boyacá
Aranzazu,Caldas
Palestina,Huila
Betania,Antioquia
Fúquene,Cundinamarca
Guachetá,Cundinamarca
Apulo,Cundinamarca
Saravena,Arauca
Capitanejo,Santander
Turmequé,Boyacá
Toribío,Cauca
Lérida,Tolima
Ráquira,Boyacá
Sucre,Cauca
Linares,Nariño
Tolú Viejo,Sucre
Ocamonte,Santander
La Florida,Nariño
Arroyohondo,Bolívar
Pacho,Cundinamarca
Siachoque,Boyacá
Distracción,La Guajira
Fosca,Cundinamarca
Toca,Boyacá
Buenavista,Quindío
Cerro de San Antonio,Magdalena
Venadillo,Tolima
Guadalupe,Antioquia
Tuta,Boyacá
La Apartada,Córdoba
Somondoco,Boyacá
San Pablo de Borbur,Boyacá
Páramo,Santander
Útica,Cundinamarca
Valparaíso,Antioquia
Ubaque,Cundinamarca
Rivera,Huila
Nariño,Antioquia
La Plata,Huila
Viotá,Cundinamarca
Chipatá,Santander
Chipaque,Cundinamarca
Filadelfia,Caldas
Cucunubá,Cundinamarca
Vianí,Cundinamarca
Cerinza,Boyacá
Campamento,Antioquia
Sapuyes,Nariño
Icononzo,Tolima
Ansermanuevo,Valle del Cauca
Cuítiva,Boyacá
Firavitoba,Boyacá
La Peña,Cundinamarca
Quetame,Cundinamarca
Barranco de Loba,Bolívar
Armenia,Antioquia
San José de Miranda,Santander
Argelia,Valle del Cauca
Cañasgordas,Antioquia
Toledo,Antioquia
Gamarra,Cesar
Trujillo,Valle del Cauca
Carmen de Apicalá,Tolima
Bolívar,Cauca
El Roble,Sucre
Cumbitara,Nariño
Anzoátegui,Tolima
La Victoria,Valle del Cauca
Quebradanegra,Cundinamarca
Floresta,Boyacá
Buenavista,Boyacá
Balboa,Risaralda
Albania,La Guajira
Liborina,Antioquia
Arbeláez,Cundinamarca
Ánimas,Chocó
Choachí,Cundinamarca
San Fernando,Bolívar
Quipile,Cundinamarca
San Luis,Tolima
La Sierra,Cauca
Yotoco,Valle del Cauca
Viracachá,Boyacá
Tarqui,Huila
San Roque,Antioquia
Falan,Tolima
La Merced,Caldas
Barrancas,La Guajira
Riofrío,Valle del Cauca
Chimá,Córdoba
Entrerríos,Antioquia
Argelia,Antioquia
Pasca,Cundinamarca
California,Santander
Tibacuy,Cundinamarca
Salamina,Magdalena
Chalán,Sucre
Nátaga,Huila
San Benito,Santander
Pácora,Caldas
Tausa,Cundinamarca
Elías,Huila
Abejorral,Antioquia
Caicedo,Antioquia
Matanza,Santander
Angostura,Antioquia
Arenal,Bolívar
San Rafael,Antioquia
Leiva,Nariño
La Cumbre,Valle del Cauca
El Cairo,Valle del Cauca
Valle de San José,Santander
Une,Cundinamarca
Gachetá,Cundinamarca
Busbanzá,Boyacá
San Francisco,Putumayo
Salamina,Caldas
Pauna,Boyacá
El Tablón,Nariño
Albania,Santander
Tibirita,Cundinamarca
San Sebastián de Buenavista,Magdalena
La Capilla,Boyacá
Olaya,Antioquia
El Tambo,Nariño
El Peñol,Nariño
Casabianca,Tolima
La Argentina,Huila
Quípama,Boyacá
San Cayetano,Norte de Santander
Belén,Boyacá
Caldas,Boyacá
Paispamba,Cauca
Gámeza,Boyacá
Bochalema,Norte de Santander
San Sebastián,Cauca
Gómez Plata,Antioquia
Hobo,Huila
Nariño,Cundinamarca
San Andrés,Antioquia
Policarpa,Nariño
El Molino,La Guajira
Giraldo,Antioquia
Santiago,Putumayo
Tangua,Nariño
Miraflores,Boyacá
Puerto Salgar,Cundinamarca
Confines,Santander
Cajamarca,Tolima
Gramalote,Norte de Santander
San Miguel de Sema,Boyacá
Corrales,Boyacá
Herrán,Norte de Santander
Íquira,Huila
Bituima,Cundinamarca
Guayatá,Boyacá
Colón,Putumayo
Vergara,Cundinamarca
Zambrano,Bolívar
Sabanalarga,Antioquia
Lourdes,Norte de Santander
Villahermosa,Tolima
La Palma,Cundinamarca
San Martín de Loba,Bolívar
Alejandría,Antioquia
Ortega,Tolima
Gama,Cundinamarca
Paz de Río,Boyacá
La Playa,Norte de Santander
Valle de San Juan,Tolima
Puerto Nare,Antioquia
San Antonio,Tolima
Algarrobo,Magdalena
Anzá,Antioquia
Pachavita,Boyacá
Agrado,Huila
Victoria,Caldas
Coconuco,Cauca
Yaguará,Huila
Santa Rita,Chocó
Potosí,Nariño
Santa María,Huila
El Peñón,Bolívar
Tamalameque,Cesar
El Dovio,Valle del Cauca
Supatá,Cundinamarca
Samaná,Caldas
San Calixto,Norte de Santander
Versalles,Valle del Cauca
Jesús María,Santander
Guapotá,Santander
Génova,Quindío
Cértegui,Chocó
Suárez,Cauca
Berbeo,Boyacá
El Dorado,Meta
Salahonda,Nariño
Pamplonita,Norte de Santander
La Tola,Nariño
San Andrés,Santander
Villagómez,Cundinamarca
Cumaral,Meta
Machetá,Cundinamarca
San José de la Montaña,Antioquia
Jericó,Boyacá
San Juan de Rioseco,Cundinamarca
Guadalupe,Santander
Norcasia,Caldas
Manta,Cundinamarca
Aguada,Santander
Carmen de Carupa,Cundinamarca
Venecia,Cundinamarca
Astrea,Cesar
Paime,Cundinamarca
Carolina,Antioquia
San Miguel,Santander
Briceño,Antioquia
Mistrató,Risaralda
Zaragoza,Antioquia
Mercaderes,Cauca
Ábrego,Norte de Santander
Sotaquirá,Boyacá
Sucre,Sucre
Pijiño del Carmen,Magdalena
El Copey,Cesar
El Carmen de Chucurí,Santander
Jordán,Santander
Suárez,Tolima
Belmira,Antioquia
San Carlos,Antioquia
El Peñón,Santander
Peque,Antioquia
Beltrán,Cundinamarca
San Bernardo,Cundinamarca
Restrepo,Meta
Morelia,Caquetá
Saladoblanco,Huila
Macanal,Boyacá
Monterrey,Casanare
Contratación,Santander
Tello,Huila
Santa Isabel,Tolima
San Luis,Antioquia
Tesalia,Huila
Topaipí,Cundinamarca
Caparrapí,Cundinamarca
Punta de Piedras,Magdalena
Herveo,Tolima
Hacarí,Norte de Santander
Altamira,Huila
Andagoya,Chocó
La Llanada,Nariño
Fuente de Oro,Meta
Yuto,Chocó
Charta,Santander
Buriticá,Antioquia
Molagavita,Santander
Coper,Boyacá
Maceo,Antioquia
Pijao,Quindío
Caracolí,Antioquia
Puerres,Nariño
Mutiscua,Norte de Santander
Fómeque,Cundinamarca
Guaca,Santander
Ubalá,Cundinamarca
Castilla La Nueva,Meta
Otanche,Boyacá
San Francisco,Antioquia
San Diego,Cesar
Mosquera,Nariño
Vegachí,Antioquia
Yalí,Antioquia
Betéitiva,Boyacá
El Guamo,Bolívar
Cucutilla,Norte de Santander
Darién,Valle del Cauca
La Paz,Cesar
Prado,Tolima
Morales,Bolívar
Guayabetal,Cundinamarca
Bolívar,Valle del Cauca
San Martín,Cesar
Managrú,Chocó
El Rosario,Nariño
Paicol,Huila
Durania,Norte de Santander
Pueblo Rico,Risaralda
Chaguaní,Cundinamarca
Macaravita,Santander
Cunday,Tolima
San Cayetano,Cundinamarca
Cáchira,Norte de Santander
La Paz,Santander
Chiriguaná,Cesar
El Tambo,Cauca
Río Viejo,Bolívar
La Esperanza,Norte de Santander
Chima,Santander
Carcasí,Santander
Zetaquira,Boyacá
Puerto Caicedo,Putumayo
San Carlos de Guaroa,Meta
Arboledas,Norte de Santander
Frontino,Antioquia
Rondón,Boyacá
Rionegro,Santander
Piedras,Tolima
San Joaquín,Santander
Sucre,Santander
Salazar,Norte de Santander
Teruel,Huila
La Gloria,Cesar
Curillo,Caquetá
Ricaurte,Nariño
Guamal,Meta
Yacopí,Cundinamarca
Bucarasica,Norte de Santander
Concepción,Santander
Chámeza,Casanare
Beté,Chocó
Gachalá,Cundinamarca
Cerrito,Santander
Santiago,Norte de Santander
Paimadó,Chocó
Payán,Nariño
Lloró,Chocó
Convención,Norte de Santander
Unguía,Chocó
Hato,Santander
San Ángel,Magdalena
Silos,Norte de Santander
Cácota,Norte de Santander
Villavieja,Huila
Piedrancha,Nariño
Chivor,Boyacá
Pulí,Cundinamarca
Santa María,Boyacá
Acandí,Chocó
Villa Caro,Norte de Santander
Ituango,Antioquia
Barbacoas,Nariño
Remolino,Magdalena
Cantagallo,Bolívar
Mongua,Boyacá
Dolores,Tolima
Santa Bárbara,Santander
Baraya,Huila
Bagadó,Chocó
Campohermoso,Boyacá
Solita,Caquetá
Iscuandé,Nariño
San José del Fragua,Caquetá
Betulia,Santander
Murillo,Tolima
Socotá,Boyacá
Pore,Casanare
San Luis de Gaceno,Boyacá
Becerril,Cesar
Toledo,Norte de Santander
Mutis,Chocó
Abriaquí,Antioquia
Cabrera,Cundinamarca
Belén de los Andaquíes,Caquetá
Villarrica,Tolima
Alpujarra,Tolima
Bolívar,Santander
Puerto Meluk,Chocó
Albania,Caquetá
Valparaíso,Caquetá
Yondó,Antioquia
Santa Helena del Opón,Santander
El Guacamayo,Santander
Onzaga,Santander
Barranca de Upía,Meta
Funes,Nariño
Gámbita,Santander
San Juanito,Meta
Suratá,Santander
Chitagá,Norte de Santander
Lejanías,Meta
El Castillo,Meta
Marulanda,Caldas
El Carmen,Norte de Santander
Nunchía,Casanare
La Salina,Casanare
Gutiérrez,Cundinamarca
Piamonte,Cauca
Nóvita,Chocó
San Juan de Arama,Meta
Páez,Boyacá
Colombia,Huila
Milán,Caquetá
Támara,Casanare
Trinidad,Casanare
El Calvario,Meta
Roncesvalles,Tolima
Paya,Boyacá
Pizarro,Chocó
Puerto Rico,Meta
Sabanalarga,Casanare
Cubarral,Meta
Cabuyaro,Meta
Santa Genoveva de Docordó,Chocó
Mesetas,Meta
Vigía del Fuerte,Antioquia
Puerto Lleras,Meta
Mapiripán,Meta
Sácama,Casanare
Maní,Casanare
Murindó,Antioquia
Santa Rosa,Cauca
Sipí,Chocó
Hato Corozal,Casanare
Bellavista,Chocó
Pisba,Boyacá
San José del Palmar,Chocó
Curbaradó,Chocó
Puerto Leguízamo,Putumayo
Puerto Gaitán,Meta
Miraflores,Guaviare
Carurú,Vaupés
Calamar,Guaviare
Taraira,Vaupés
San José de Uré,Córdoba
